/*
SQLyog Enterprise v12.5.1 (64 bit)
MySQL - 10.4.11-MariaDB : Database - db_pemetaan_jalan_rusak
*********************************************************************
*/

/*!40101 SET NAMES utf8 */;

/*!40101 SET SQL_MODE=''*/;

/*!40014 SET @OLD_UNIQUE_CHECKS=@@UNIQUE_CHECKS, UNIQUE_CHECKS=0 */;
/*!40014 SET @OLD_FOREIGN_KEY_CHECKS=@@FOREIGN_KEY_CHECKS, FOREIGN_KEY_CHECKS=0 */;
/*!40101 SET @OLD_SQL_MODE=@@SQL_MODE, SQL_MODE='NO_AUTO_VALUE_ON_ZERO' */;
/*!40111 SET @OLD_SQL_NOTES=@@SQL_NOTES, SQL_NOTES=0 */;
/*Table structure for table `tb_broken_road` */

DROP TABLE IF EXISTS `tb_broken_road`;

CREATE TABLE `tb_broken_road` (
  `id` int(11) NOT NULL AUTO_INCREMENT,
  `id_user` int(11) DEFAULT NULL,
  `address` varchar(255) DEFAULT NULL,
  `picture` varchar(255) DEFAULT NULL,
  `status` enum('0','1','2') DEFAULT NULL,
  `description` text DEFAULT NULL,
  `jalan` varchar(100) DEFAULT NULL,
  `kecamatan` varchar(100) DEFAULT NULL,
  `kota` varchar(100) DEFAULT NULL,
  `created_at` timestamp NOT NULL DEFAULT current_timestamp() ON UPDATE current_timestamp(),
  `updated_at` timestamp NOT NULL DEFAULT '0000-00-00 00:00:00',
  PRIMARY KEY (`id`),
  KEY `id_user` (`id_user`),
  CONSTRAINT `tb_broken_road_ibfk_1` FOREIGN KEY (`id_user`) REFERENCES `users` (`id`)
) ENGINE=InnoDB AUTO_INCREMENT=45 DEFAULT CHARSET=utf8mb4;

/*Data for the table `tb_broken_road` */

insert  into `tb_broken_road`(`id`,`id_user`,`address`,`picture`,`status`,`description`,`jalan`,`kecamatan`,`kota`,`created_at`,`updated_at`) values 
(13,1,'Jalan Tukad Musi VI, Denpasar Selatan, Dauh Puri Klod, Kec. Denpasar Bar., Kota Denpasar, Bali 80234','1TukadMusiVI.jpg','0','jalannya banyak lubangnya','Jalan Tukad Musi VI','Kecamatan Denpasar Selatan','Kota Denpasar','2020-03-22 20:46:27','0000-00-00 00:00:00'),
(14,1,'Jl. Tukad Musi VI, Panjer, Kec. Denpasar Sel., Kota Denpasar, Bali 80234','2TukadMusiIV.jpg','0','jalannya banyak lubangnya','Jalan Tukad Musi VI','Kecamatan Denpasar Selatan','Kota Denpasar','2020-03-22 20:55:36','0000-00-00 00:00:00'),
(15,1,'Jl. Tukad Musi V, Panjer, Kec. Denpasar Sel., Kota Denpasar, Bali 80234','3TukadMusiV.jpg','0','jalannya banyak lubangnya',NULL,NULL,NULL,'2020-03-17 02:42:54','0000-00-00 00:00:00'),
(16,1,'Jl. Tukad Batanghari II, Panjer, Kec. Denpasar Sel., Kota Denpasar, Bali 80234','4TukadBatanghariII.jpg','0','jalannya banyak lubangnya',NULL,NULL,NULL,'2020-03-17 02:42:54','0000-00-00 00:00:00'),
(17,1,'Jl. Tukad Batanghari VI, Panjer, Kec. Denpasar Sel., Kota Denpasar, Bali 80234','5TukadBatanghariII.jpg','0','jalannya banyak lubangnya',NULL,NULL,NULL,'2020-03-17 02:42:54','0000-00-00 00:00:00'),
(18,1,'Jl. Tukad Batang Hari Gg. XVII, Panjer, Kec. Denpasar Sel., Kota Denpasar, Bali 80225','6TukadBatanghariGgXVII.jpg','0','jalannya banyak lubangnya',NULL,NULL,NULL,'2020-03-17 02:42:54','0000-00-00 00:00:00'),
(19,1,'Jl. Tukad Pancoran II, Panjer, Kec. Denpasar Sel., Kota Denpasar, Bali 80225','7TukadPancoranII.jpg','0','jalannya banyak lubangnya',NULL,NULL,NULL,'2020-03-17 02:42:54','0000-00-00 00:00:00'),
(20,1,'Jl. Tukad Banyu Poh, Panjer, Kec. Denpasar Sel., Kota Denpasar, Bali 80113','8TukadBanyuPoh.jpg','0','jalannya banyak lubangnya',NULL,NULL,NULL,'2020-03-17 02:42:54','0000-00-00 00:00:00'),
(21,1,'Jl. Paku Sari, Sesetan, Kec. Denpasar Sel., Kota Denpasar, Bali 80225','9PakuSari.jpg','0','jalannya banyak lubangnya',NULL,NULL,NULL,'2020-03-17 02:42:54','0000-00-00 00:00:00'),
(22,1,'Jl. Pendidikan I, Sidakarya, Kec. Denpasar Sel., Kota Denpasar, Bali','10PendidikanI.jpg','0','jalannya banyak lubangnya',NULL,NULL,NULL,'2020-03-17 02:42:54','0000-00-00 00:00:00'),
(23,1,'Jl. Kerta Dalem Sari IV No.1, Sidakarya, Kec. Denpasar Sel., Kota Denpasar, Bali','11KertaDalemSariIV.jpg','0','jalannya banyak lubangnya',NULL,NULL,NULL,'2020-03-17 02:42:54','0000-00-00 00:00:00'),
(24,1,'Jl. Tukad Badung XX, Renon, Kec. Denpasar Sel., Kota Denpasar, Bali 80226','12TukadBadungXX.jpg','0','jalannya banyak lubangnya',NULL,NULL,NULL,'2020-03-17 02:42:54','0000-00-00 00:00:00'),
(25,1,'Jl. Tukad Badung XX E 3-25, Sidakarya, Kec. Denpasar Sel., Kota Denpasar, Bali 80224','13TukadBadungXXE.jpg','0','jalannya banyak lubangnya',NULL,NULL,NULL,'2020-03-17 02:42:54','0000-00-00 00:00:00'),
(26,1,'Walet No.1, Panjer, Kec. Denpasar Sel., Kota Denpasar, Bali 80224','14Walet.jpg','0','jalannya banyak lubangnya',NULL,NULL,NULL,'2020-03-17 02:42:54','0000-00-00 00:00:00'),
(27,1,'Jl. Tukad Petanu Gg. IV, Panjer, Kec. Denpasar Sel., Kota Denpasar, Bali 80225','15TukadPetanuGgIV.jpg','0','jalannya banyak lubangnya','Jalan Tukad Petanu','Kecamatan Denpasar Selatan','Kota Denpasar','2020-03-22 21:24:24','0000-00-00 00:00:00'),
(28,1,'Jl. Tukad Pancoran Gg. XII 2, Panjer, Kec. Denpasar Sel., Kota Denpasar, Bali 80225','16TukadPancoran.jpg','2','jalannya banyak lubangnya',NULL,NULL,NULL,'2020-03-19 14:55:59','0000-00-00 00:00:00'),
(29,1,'Jl. Tukad Gangga I No.1 Dangin Puri Klod Kec. Denpasar Tim. Kota Denpasar Bali 80234','17TukadGangga.jpg','0','jalannya banyak lubangnya',NULL,NULL,NULL,'2020-03-17 02:42:54','0000-00-00 00:00:00'),
(30,1,'Jl. Tukad Jinah Panjer Kec. Denpasar Selatan. Kota Denpasar Bali 80234','18TukadJinah.jpg','0','jalannya banyak lubangnya',NULL,NULL,NULL,'2020-03-17 02:42:54','0000-00-00 00:00:00'),
(31,2,'Jl. Dewi Madri X 3, Sumerta Kelod, Kec. Denpasar Tim., Kota Denpasar, Bali 80239\r\n','19DewiMadri.jpg','0','jalannya banyak lubangnya',NULL,NULL,NULL,'2020-03-17 02:42:54','0000-00-00 00:00:00'),
(32,2,'Jl. Terompong No. 27, Sumerta Kelod, Denpasar Timur, Panjer, Kec. Denpasar Sel., Kota Denpasar, 80239\r\n','20Terompong.jpg','0','jalannya banyak lubangnya',NULL,NULL,NULL,'2020-03-17 02:42:54','0000-00-00 00:00:00'),
(33,2,' Jl. Tukad Mas No. 13d Dangin Puri Klod Kec. Denpasar Tim. Kota Denpasar Bali 80234\r\n','21TukadMas.jpg','2','jalannya banyak lubangnya',NULL,NULL,NULL,'2020-03-17 02:42:54','2020-03-16 18:04:54'),
(34,1,'Jl. Nuansa Udayana Bar. Jimbaran, Kec. Kuta Sel., Kabupaten Badung,Bali 80361 ','22nuansabarat.jpg','0','jalannya banyak lubangnya',NULL,NULL,NULL,'2020-03-17 02:42:54','0000-00-00 00:00:00'),
(35,1,'Jl. Nuansa Barat IV , Jimbaran, Kuta, Jimbaran, Kec. Kuta Sel., Kabupaten Badung, Bali 80361','23nuansabarativ.jpg','0','jalannya banyak lubangnya',NULL,NULL,NULL,'2020-03-17 02:42:54','0000-00-00 00:00:00'),
(36,1,'Jl. Nuansa Utama XXXII No.19\r\n, Jimbaran, Kec. Kuta Sel., Kabupaten Badung,Bali 80361 ','24nuansautamaxxxii.jpg','0','jalannya banyak lubangnya',NULL,NULL,NULL,'2020-03-17 02:42:54','0000-00-00 00:00:00'),
(37,1,'Jl. Nuansa Utama Selatan II\r\n, Jimbaran, Kec. Kuta Sel. Kabupaten Badung,Bali 80361 ','25nuansautamaselatanii.jpg','0','jalannya banyak lubangnya',NULL,NULL,NULL,'2020-03-17 02:42:54','0000-00-00 00:00:00'),
(38,1,'Jl. Nuansa Utama Selatan VII, Jimbaran, Kec. Kuta Sel. Kabupaten Badung,Bali 80361','26nuansautamaselatanvii.jpg','0','jalannya banyak lubangnya',NULL,NULL,NULL,'2020-03-17 02:42:54','0000-00-00 00:00:00'),
(39,1,'Jl. Nuansa Utama VII, Jimbaran, Kec. Kuta Sel. Kabupaten Badung,Bali 80361','27nuansautamaxii.jpg','0','jalannya banyak lubangnya',NULL,NULL,NULL,'2020-03-17 02:42:54','0000-00-00 00:00:00'),
(40,1,'Jl. Nuansa Utama Selatan XXIII, Jimbaran, Kec. Kuta Sel. Kabupaten Badung,Bali 80361','28nuansautamaselatanxxiii.jpg','0','jalannya banyak lubangnya','',NULL,NULL,'2020-03-22 20:56:40','0000-00-00 00:00:00'),
(41,1,'Jl. Nuansa Utama Selatan XVII, Jimbaran, Kec. Kuta Sel. Kabupaten Badung,Bali 80361','29nuansautamaselatanxvii.jpg','0','jalannya banyak lubangnya','',NULL,NULL,'2020-03-22 20:56:38','0000-00-00 00:00:00'),
(44,2,'Jl. Sedap Malam No.12, Sanur Kaja, Kec. Denpasar Sel., Kota Denpasar, Bali 80237, Indonesia','29nuansautamaselatanxvii.jpg','0','Jalan Bolong','Jalan Sedap Malam','Kecamatan Denpasar Timur','Kota Denpasar','2020-03-22 20:56:55','2020-03-22 09:23:29');

/*Table structure for table `tb_detail_coordinate` */

DROP TABLE IF EXISTS `tb_detail_coordinate`;

CREATE TABLE `tb_detail_coordinate` (
  `id` int(11) NOT NULL AUTO_INCREMENT,
  `id_road` int(11) DEFAULT NULL,
  `latitude` double DEFAULT NULL,
  `longitude` double DEFAULT NULL,
  `created_at` timestamp NOT NULL DEFAULT current_timestamp() ON UPDATE current_timestamp(),
  `updated_at` timestamp NOT NULL DEFAULT '0000-00-00 00:00:00',
  PRIMARY KEY (`id`),
  KEY `id_road` (`id_road`),
  CONSTRAINT `tb_detail_coordinate_ibfk_1` FOREIGN KEY (`id_road`) REFERENCES `tb_broken_road` (`id`)
) ENGINE=InnoDB AUTO_INCREMENT=48 DEFAULT CHARSET=utf8mb4;

/*Data for the table `tb_detail_coordinate` */

insert  into `tb_detail_coordinate`(`id`,`id_road`,`latitude`,`longitude`,`created_at`,`updated_at`) values 
(13,13,-8.676927,115.229648,'2020-03-16 23:31:03','0000-00-00 00:00:00'),
(14,14,-8.676935,115.22871,'2020-03-16 23:31:28','0000-00-00 00:00:00'),
(16,15,-8.676467,115.228917,'2020-03-17 00:52:28','0000-00-00 00:00:00'),
(17,16,-8.678407,115.229223,'2020-03-17 00:52:40','0000-00-00 00:00:00'),
(18,17,-8.680123,115.230248,'2020-03-17 00:53:14','0000-00-00 00:00:00'),
(19,18,-8.687967,115.230457,'2020-03-17 00:53:28','0000-00-00 00:00:00'),
(20,18,-8.688074,115.230979,'2020-03-17 00:53:40','0000-00-00 00:00:00'),
(21,19,-8.687888,115.229844,'2020-03-17 00:53:52','0000-00-00 00:00:00'),
(22,19,-8.688415,115.229868,'2020-03-17 00:54:06','0000-00-00 00:00:00'),
(23,20,-8.680704,115.219726,'2020-03-17 00:54:14','0000-00-00 00:00:00'),
(24,21,-8.690072,115.220214,'2020-03-17 00:55:15','0000-00-00 00:00:00'),
(25,22,-8.70254,115.228713,'2020-03-17 00:56:18','0000-00-00 00:00:00'),
(26,23,-8.697879,115.233623,'2020-03-17 00:56:33','0000-00-00 00:00:00'),
(27,24,-8.693554,115.236654,'2020-03-17 00:57:39','0000-00-00 00:00:00'),
(28,25,-8.694416,115.236022,'2020-03-17 00:57:41','0000-00-00 00:00:00'),
(29,26,-8.694067,115.232593,'2020-03-17 00:58:03','0000-00-00 00:00:00'),
(30,27,-8.693946,115.229441,'2020-03-17 00:58:17','0000-00-00 00:00:00'),
(31,28,-8.692924,115.229607,'2020-03-17 00:58:34','0000-00-00 00:00:00'),
(32,28,-8.692969,115.229864,'2020-03-17 00:58:48','0000-00-00 00:00:00'),
(33,30,-8.675248,115.22513,'2020-03-17 00:59:42','0000-00-00 00:00:00'),
(34,31,-8.663654,115.238495,'2020-03-17 01:00:17','0000-00-00 00:00:00'),
(35,32,-8.659429,115.241832,'2020-03-17 01:00:19','0000-00-00 00:00:00'),
(36,33,-8.67356,115.225325,'2020-03-17 01:00:35','0000-00-00 00:00:00'),
(37,34,-8.797316,115.182045,'2020-03-17 02:10:24','0000-00-00 00:00:00'),
(38,35,-8.800203,115.183203,'2020-03-17 02:11:19','0000-00-00 00:00:00'),
(39,36,-8.800822,115.184517,'2020-03-17 02:12:10','0000-00-00 00:00:00'),
(40,37,-8.801511,115.184445,'2020-03-17 02:21:35','0000-00-00 00:00:00'),
(41,38,-8.801967,115.185049,'2020-03-17 02:14:40','0000-00-00 00:00:00'),
(42,39,-8.798267,115.187201,'2020-03-17 02:17:58','0000-00-00 00:00:00'),
(43,40,-8.803948,115.184881,'2020-03-17 02:18:41','0000-00-00 00:00:00'),
(44,41,-8.80335,115.185249,'2020-03-17 02:19:26','0000-00-00 00:00:00'),
(47,44,-8.671841814135892,115.25162822797863,'2020-03-22 09:23:29','2020-03-22 09:23:29');

/*Table structure for table `tb_detail_digitasi` */

DROP TABLE IF EXISTS `tb_detail_digitasi`;

CREATE TABLE `tb_detail_digitasi` (
  `id` bigint(20) NOT NULL AUTO_INCREMENT,
  `id_digitasi` int(11) DEFAULT NULL,
  `latitude` double DEFAULT NULL,
  `longitude` double DEFAULT NULL,
  `created_at` timestamp NOT NULL DEFAULT current_timestamp() ON UPDATE current_timestamp(),
  `updated_at` timestamp NOT NULL DEFAULT '0000-00-00 00:00:00',
  PRIMARY KEY (`id`)
) ENGINE=InnoDB AUTO_INCREMENT=226 DEFAULT CHARSET=utf8mb4;

/*Data for the table `tb_detail_digitasi` */

insert  into `tb_detail_digitasi`(`id`,`id_digitasi`,`latitude`,`longitude`,`created_at`,`updated_at`) values 
(73,7,-8.67397568132027,115.25208966286637,'2020-03-21 12:48:14','2020-03-21 12:48:14'),
(74,7,-8.673307494858488,115.2518965438173,'2020-03-21 12:48:14','2020-03-21 12:48:14'),
(75,7,-8.67227869750598,115.25167123826004,'2020-03-21 12:48:14','2020-03-21 12:48:14'),
(76,7,-8.671377171736424,115.25152103455521,'2020-03-21 12:48:14','2020-03-21 12:48:14'),
(77,7,-8.670560493583496,115.25136010201432,'2020-03-21 12:48:14','2020-03-21 12:48:14'),
(78,7,-8.669788583723776,115.2512718991266,'2020-03-21 12:48:14','2020-03-21 12:48:14'),
(79,7,-8.66907796476448,115.25113242425783,'2020-03-21 12:48:14','2020-03-21 12:48:14'),
(80,7,-8.668537044954418,115.2510895089136,'2020-03-21 12:48:14','2020-03-21 12:48:14'),
(81,7,-8.667837029926822,115.25089638986452,'2020-03-21 12:48:14','2020-03-21 12:48:14'),
(82,7,-8.666712760638886,115.25077837266787,'2020-03-21 12:48:14','2020-03-21 12:48:14'),
(83,7,-8.666002135863932,115.25069254197939,'2020-03-21 12:48:14','2020-03-21 12:48:14'),
(84,7,-8.664877861088113,115.25042783123439,'2020-03-21 12:48:14','2020-03-21 12:48:14'),
(85,7,-8.664294509643803,115.25028835636562,'2020-03-21 12:48:14','2020-03-21 12:48:14'),
(86,7,-8.663742976536819,115.25030981403773,'2020-03-21 12:48:14','2020-03-21 12:48:14'),
(87,7,-8.662932418150195,115.25006588697659,'2020-03-21 12:48:14','2020-03-21 12:48:14'),
(94,9,-8.675572958952825,115.22827118425154,'2020-03-22 12:29:54','2020-03-22 12:29:54'),
(95,9,-8.675631292387015,115.2300843575456,'2020-03-22 12:29:54','2020-03-22 12:29:54'),
(96,9,-8.675574284712797,115.22897258190893,'2020-03-22 12:29:54','2020-03-22 12:29:54'),
(97,9,-8.674967714614256,115.22898196964049,'2020-03-22 12:29:54','2020-03-22 12:29:54'),
(98,9,-8.676605700031109,115.22894067834694,'2020-03-22 12:29:54','2020-03-22 12:29:54'),
(99,10,-8.676985340981219,115.22819038600976,'2020-03-22 12:45:33','2020-03-22 12:45:33'),
(100,10,-8.676908447184278,115.23006256790215,'2020-03-22 12:45:33','2020-03-22 12:45:33'),
(101,11,-8.676279994775282,115.23009400230835,'2020-03-22 13:01:35','2020-03-22 13:01:35'),
(102,11,-8.676294578107221,115.22898222667168,'2020-03-22 13:01:35','2020-03-22 13:01:35'),
(103,12,-8.678295629674087,115.2301067561951,'2020-03-22 13:02:40','2020-03-22 13:02:40'),
(104,12,-8.678311538678035,115.22791002205838,'2020-03-22 13:02:40','2020-03-22 13:02:40'),
(105,13,-8.684341303963992,115.23036027150188,'2020-03-22 13:05:14','2020-03-22 13:05:14'),
(106,13,-8.682991942046229,115.23032394401694,'2020-03-22 13:05:14','2020-03-22 13:05:14'),
(107,13,-8.682514677586894,115.23032126180793,'2020-03-22 13:05:14','2020-03-22 13:05:14'),
(108,13,-8.68186763540821,115.23035548058506,'2020-03-22 13:05:14','2020-03-22 13:05:14'),
(109,13,-8.681352984653113,115.2303539211606,'2020-03-22 13:05:14','2020-03-22 13:05:14'),
(110,13,-8.680731531288057,115.23034587453355,'2020-03-22 13:05:14','2020-03-22 13:05:14'),
(111,13,-8.679982864946972,115.23032978127947,'2020-03-22 13:05:14','2020-03-22 13:05:14'),
(112,13,-8.679523113109065,115.23029450603265,'2020-03-22 13:05:14','2020-03-22 13:05:14'),
(113,13,-8.678948694107595,115.23018921704796,'2020-03-22 13:05:14','2020-03-22 13:05:14'),
(114,13,-8.678309206251312,115.23016143235746,'2020-03-22 13:05:14','2020-03-22 13:05:14'),
(115,13,-8.67771236144754,115.23015641218878,'2020-03-22 13:05:14','2020-03-22 13:05:14'),
(116,13,-8.677757437026996,115.23016714102484,'2020-03-22 13:05:14','2020-03-22 13:05:14'),
(117,14,-8.687969908845208,115.23026955126748,'2020-03-22 13:06:43','2020-03-22 13:06:43'),
(118,14,-8.687863851536562,115.22989135979638,'2020-03-22 13:06:43','2020-03-22 13:06:43'),
(119,14,-8.687789611402662,115.22970360516534,'2020-03-22 13:06:43','2020-03-22 13:06:43'),
(120,14,-8.687688856911695,115.22936832903848,'2020-03-22 13:06:43','2020-03-22 13:06:43'),
(121,14,-8.68762787391718,115.22918593882547,'2020-03-22 13:06:43','2020-03-22 13:06:43'),
(122,14,-8.687542288566123,115.2288230925972,'2020-03-22 13:06:43','2020-03-22 13:06:43'),
(123,14,-8.68738855983842,115.22848250724049,'2020-03-22 13:06:43','2020-03-22 13:06:43'),
(124,14,-8.687322273921254,115.22825988389225,'2020-03-22 13:06:43','2020-03-22 13:06:43'),
(125,14,-8.687204159337565,115.22789363528165,'2020-03-22 13:06:43','2020-03-22 13:06:43'),
(126,14,-8.687222719401396,115.22797946597012,'2020-03-22 13:06:43','2020-03-22 13:06:43'),
(127,15,-8.683627995826795,115.22017979764937,'2020-03-22 13:09:18','2020-03-22 13:09:18'),
(128,15,-8.6835736408306,115.22002825284002,'2020-03-22 13:09:18','2020-03-22 13:09:18'),
(129,15,-8.683466256546692,115.21998936080931,'2020-03-22 13:09:18','2020-03-22 13:09:18'),
(130,15,-8.683229338336684,115.21995717430113,'2020-03-22 13:09:18','2020-03-22 13:09:18'),
(131,15,-8.682778044756981,115.21992096447943,'2020-03-22 13:09:18','2020-03-22 13:09:18'),
(132,15,-8.682487603953614,115.21991425895689,'2020-03-22 13:09:18','2020-03-22 13:09:18'),
(133,15,-8.68220469281849,115.21990755343435,'2020-03-22 13:09:18','2020-03-22 13:09:18'),
(134,15,-8.68195598616832,115.21989789260009,'2020-03-22 13:09:18','2020-03-22 13:09:18'),
(135,15,-8.681711143367348,115.21992372670587,'2020-03-22 13:09:18','2020-03-22 13:09:18'),
(136,15,-8.681456631828665,115.21995460276034,'2020-03-22 13:09:18','2020-03-22 13:09:18'),
(137,15,-8.681225300834116,115.21988519525807,'2020-03-22 13:09:18','2020-03-22 13:09:18'),
(138,15,-8.680847781161937,115.21981713926732,'2020-03-22 13:09:18','2020-03-22 13:09:18'),
(139,15,-8.680728317578383,115.21978666627615,'2020-03-22 13:09:18','2020-03-22 13:09:18'),
(140,15,-8.680631538417142,115.21972095215528,'2020-03-22 13:09:18','2020-03-22 13:09:18'),
(141,15,-8.680382083674404,115.21970644925763,'2020-03-22 13:09:18','2020-03-22 13:09:18'),
(142,15,-8.680169681970986,115.21967954654498,'2020-03-22 13:09:18','2020-03-22 13:09:18'),
(143,15,-8.679893927172303,115.21970636863513,'2020-03-22 13:09:18','2020-03-22 13:09:18'),
(144,15,-8.679671122864042,115.219707703069,'2020-03-22 13:09:18','2020-03-22 13:09:18'),
(145,15,-8.67955976022565,115.21965405888871,'2020-03-22 13:09:18','2020-03-22 13:09:18'),
(146,15,-8.679488169940669,115.21941266007737,'2020-03-22 13:09:18','2020-03-22 13:09:18'),
(147,15,-8.679376506120198,115.2189617443467,'2020-03-22 13:09:18','2020-03-22 13:09:18'),
(148,15,-8.679188887224585,115.21827756789008,'2020-03-22 13:09:18','2020-03-22 13:09:18'),
(149,15,-8.678831062756137,115.21679890977158,'2020-03-22 13:09:18','2020-03-22 13:09:18'),
(150,15,-8.678844320240565,115.2169088803412,'2020-03-22 13:09:18','2020-03-22 13:09:18'),
(151,15,-8.678862838915022,115.21695121895145,'2020-03-22 13:09:18','2020-03-22 13:09:18'),
(152,15,-8.678892005377673,115.21707191835712,'2020-03-22 13:09:18','2020-03-22 13:09:18'),
(153,16,-8.6948422813899,115.2201378786678,'2020-03-22 13:10:43','2020-03-22 13:10:43'),
(154,16,-8.694312004269522,115.2201191032047,'2020-03-22 13:10:43','2020-03-22 13:10:43'),
(155,16,-8.693837470249743,115.22010953739898,'2020-03-22 13:10:43','2020-03-22 13:10:43'),
(156,16,-8.693340851470653,115.22009939189103,'2020-03-22 13:10:43','2020-03-22 13:10:43'),
(157,16,-8.692810827108918,115.2200414959758,'2020-03-22 13:10:43','2020-03-22 13:10:43'),
(158,16,-8.692136860968219,115.22004686039384,'2020-03-22 13:10:43','2020-03-22 13:10:43'),
(159,16,-8.691988501864358,115.2200414959758,'2020-03-22 13:10:43','2020-03-22 13:10:43'),
(160,16,-8.691821463380299,115.22006831806596,'2020-03-22 13:10:43','2020-03-22 13:10:43'),
(161,16,-8.691533214346714,115.22005451379927,'2020-03-22 13:10:43','2020-03-22 13:10:43'),
(162,16,-8.69124729427838,115.21996600090178,'2020-03-22 13:10:43','2020-03-22 13:10:43'),
(163,16,-8.69058709281571,115.2198801702133,'2020-03-22 13:10:43','2020-03-22 13:10:43'),
(164,16,-8.690246558981519,115.2198801702133,'2020-03-22 13:10:43','2020-03-22 13:10:43'),
(165,17,-8.702115339552403,115.22895199059828,'2020-03-22 13:11:58','2020-03-22 13:11:58'),
(166,17,-8.702181622852377,115.22881385683401,'2020-03-22 13:11:58','2020-03-22 13:11:58'),
(167,17,-8.702339377059113,115.22866365312917,'2020-03-22 13:11:58','2020-03-22 13:11:58'),
(168,17,-8.702633447031308,115.2287368404134,'2020-03-22 13:11:58','2020-03-22 13:11:58'),
(169,17,-8.702862245494561,115.22775576916628,'2020-03-22 13:11:58','2020-03-22 13:11:58'),
(170,17,-8.702569021686573,115.2276828064716,'2020-03-22 13:11:58','2020-03-22 13:11:58'),
(171,17,-8.702349572974885,115.22865252856427,'2020-03-22 13:11:58','2020-03-22 13:11:58'),
(172,18,-8.698394199695112,115.23272400306053,'2020-03-22 13:14:14','2020-03-22 13:14:14'),
(173,18,-8.698204627508378,115.23273204968757,'2020-03-22 13:14:14','2020-03-22 13:14:14'),
(174,18,-8.6978521818611,115.23268407272126,'2020-03-22 13:14:14','2020-03-22 13:14:14'),
(175,18,-8.697568988001686,115.23236855606038,'2020-03-22 13:14:14','2020-03-22 13:14:14'),
(176,18,-8.697114041752508,115.23238130263222,'2020-03-22 13:14:14','2020-03-22 13:14:14'),
(177,18,-8.69681895807782,115.23239363042904,'2020-03-22 13:14:14','2020-03-22 13:14:14'),
(178,18,-8.69656568851897,115.23240244421434,'2020-03-22 13:14:14','2020-03-22 13:14:14'),
(179,18,-8.696488798736755,115.23229649695826,'2020-03-22 13:14:14','2020-03-22 13:14:14'),
(180,18,-8.696539878137596,115.23194409543389,'2020-03-22 13:14:14','2020-03-22 13:14:14'),
(181,18,-8.69656904322528,115.23161820703858,'2020-03-22 13:14:14','2020-03-22 13:14:14'),
(182,18,-8.696597326903259,115.2310844908379,'2020-03-22 13:14:14','2020-03-22 13:14:14'),
(183,18,-8.69659704113457,115.23080010018911,'2020-03-22 13:14:14','2020-03-22 13:14:14'),
(184,18,-8.69656257330601,115.2307062228736,'2020-03-22 13:14:14','2020-03-22 13:14:14'),
(185,18,-8.696477729406789,115.23066867194738,'2020-03-22 13:14:14','2020-03-22 13:14:14'),
(186,18,-8.696095476940151,115.2306713541564,'2020-03-22 13:14:14','2020-03-22 13:14:14'),
(187,18,-8.695916248238351,115.23067857500956,'2020-03-22 13:14:14','2020-03-22 13:14:14'),
(188,18,-8.696134963065633,115.23066248175547,'2020-03-22 13:14:14','2020-03-22 13:14:14'),
(189,19,-8.694464271697292,115.23427630704249,'2020-03-22 13:15:47','2020-03-22 13:15:47'),
(190,19,-8.69437412454883,115.23457939666118,'2020-03-22 13:15:47','2020-03-22 13:15:47'),
(191,19,-8.694283977378674,115.23468668502177,'2020-03-22 13:15:47','2020-03-22 13:15:47'),
(192,19,-8.694217692680894,115.23576493304576,'2020-03-22 13:15:47','2020-03-22 13:15:47'),
(193,19,-8.69413635224138,115.23674986518265,'2020-03-22 13:15:47','2020-03-22 13:15:47'),
(194,19,-8.694121538213288,115.23808620017674,'2020-03-22 13:15:47','2020-03-22 13:15:47'),
(195,19,-8.694113584046717,115.23670754474308,'2020-03-22 13:15:47','2020-03-22 13:15:47'),
(196,19,-8.693272310786583,115.236690583902,'2020-03-22 13:15:47','2020-03-22 13:15:47'),
(197,19,-8.692638308838925,115.23668703443516,'2020-03-22 13:15:47','2020-03-22 13:15:47'),
(198,19,-8.692385683529288,115.23667898780812,'2020-03-22 13:15:47','2020-03-22 13:15:47');

/*Table structure for table `tb_digitasi_jalan` */

DROP TABLE IF EXISTS `tb_digitasi_jalan`;

CREATE TABLE `tb_digitasi_jalan` (
  `id` int(11) NOT NULL AUTO_INCREMENT,
  `nama` varchar(255) DEFAULT NULL,
  `kecamatan` varchar(255) DEFAULT NULL,
  `kota` varchar(255) DEFAULT NULL,
  `created_at` timestamp NOT NULL DEFAULT current_timestamp() ON UPDATE current_timestamp(),
  `updated_at` timestamp NOT NULL DEFAULT '0000-00-00 00:00:00',
  PRIMARY KEY (`id`)
) ENGINE=InnoDB AUTO_INCREMENT=22 DEFAULT CHARSET=utf8mb4;

/*Data for the table `tb_digitasi_jalan` */

insert  into `tb_digitasi_jalan`(`id`,`nama`,`kecamatan`,`kota`,`created_at`,`updated_at`) values 
(7,'Jalan Sedap Malam','Kecamatan Denpasar Timur','Kota Denpasar','2020-03-21 12:48:14','2020-03-21 12:48:14'),
(10,'Jalan Tukad Musi VI','Kecamatan Denpasar Barat','Kota Denpasar','2020-03-22 12:45:33','2020-03-22 12:45:33'),
(11,'Jalan Tukad Musi V','Kecamatan Denpasar Selatan','Kota Denpasar','2020-03-22 13:01:35','2020-03-22 13:01:35'),
(12,'Jalan Tukad Batanghari II','Kecamatan Denpasar Selatan','Kota Denpasar','2020-03-22 13:02:40','2020-03-22 13:02:40'),
(13,'Jalan Tukad Batanghari','Kecamatan Denpasar Barat','Kota Denpasar','2020-03-22 13:05:14','2020-03-22 13:05:14'),
(14,'Jalan Tukad Pancoran II','Kecamatan Denpasar Selatan','Kota Denpasar','2020-03-22 13:06:43','2020-03-22 13:06:43'),
(15,'Jalan Tukad Banyu Poh','Kecamatan Denpasar Barat','Kota Denpasar','2020-03-22 13:09:18','2020-03-22 13:09:18'),
(16,'Jalan Paku Sari','Kecamatan Denpasar Selatan','Kota Denpasar','2020-03-22 13:10:43','2020-03-22 13:10:43'),
(17,'Jalan Pendidikan I','Kecamatan Denpasar Selatan','Kota Denpasar','2020-03-22 13:11:58','2020-03-22 13:11:58'),
(18,'Jalan Kerta Dalem Sari IV','Kecamatan Denpasar Selatan','Kota Denpasar','2020-03-22 13:14:14','2020-03-22 13:14:14'),
(19,'Jalan Tukad Badung XX','Kecamatan Denpasar Selatan','Kota Denpasar','2020-03-22 13:15:47','2020-03-22 13:15:47');

/*Table structure for table `users` */

DROP TABLE IF EXISTS `users`;

CREATE TABLE `users` (
  `id` int(11) NOT NULL AUTO_INCREMENT,
  `name` varchar(255) DEFAULT NULL,
  `username` varchar(255) DEFAULT NULL,
  `email` varchar(255) DEFAULT NULL,
  `password` varchar(255) DEFAULT NULL,
  `user_role` enum('admin','user') DEFAULT NULL,
  `status` enum('0','1') DEFAULT NULL,
  `created_at` timestamp NOT NULL DEFAULT current_timestamp() ON UPDATE current_timestamp(),
  `updated_at` timestamp NOT NULL DEFAULT '0000-00-00 00:00:00',
  PRIMARY KEY (`id`)
) ENGINE=InnoDB AUTO_INCREMENT=3 DEFAULT CHARSET=utf8mb4;

/*Data for the table `users` */

insert  into `users`(`id`,`name`,`username`,`email`,`password`,`user_role`,`status`,`created_at`,`updated_at`) values 
(1,'widiana',NULL,'widiana@me.com','$2y$10$Av.ql.Wj7g9AaMfQMb551.Q155VZvxr99VNujxHxE6DXJpYt78A1S','admin','0','2020-03-21 15:38:21','2020-03-21 07:38:21'),
(2,'user',NULL,'user@me.com','$2y$10$55dEpf3iNgbgYkYYp3nz2utEr1dHAMp/dvqKRKoT10Mqno3s/6cGS','user','0','2020-03-16 07:40:12','2020-03-16 07:40:12');

/*!40101 SET SQL_MODE=@OLD_SQL_MODE */;
/*!40014 SET FOREIGN_KEY_CHECKS=@OLD_FOREIGN_KEY_CHECKS */;
/*!40014 SET UNIQUE_CHECKS=@OLD_UNIQUE_CHECKS */;
/*!40111 SET SQL_NOTES=@OLD_SQL_NOTES */;
